{
  "f1_score": 0.9305555555555555,
  "accuracy": 0.9333333333333333,
  "confusion_matrix": {
    "classes": [
      0,
      1,
      2
    ],
    "matrix": [
      [
        10,
        0,
        0
      ],
      [
        0,
        7,
        2
      ],
      [
        0,
        0,
        11
      ]
    ]
  }
}
